"0","library(magrittr)"
"0","library(tidyr)"
"0","library(ggplot2)"
"0","brian_head_to = brian_head_o %>% pivot_longer(cols = 2:13 , names_to = 'Time', values_to = 'Volume')"
"0","dollar_ridge_to = dollar_ridge_o %>%pivot_longer(cols = EstInt:t_10 , names_to = 'Time', values_to = 'Volume')"
"0","twitchell_to = twitchell_o %>% pivot_longer(cols = EstInt:t_10 , names_to = 'Time', values_to = 'Volume')"
"0","pole_creek_to = pole_creek_o %>% pivot_longer(cols = EstInt:t_10 , names_to = 'Time', values_to = 'Volume')"
"0","seeley_to = seeley_o %>% pivot_longer(cols = EstInt:t_10 , names_to = 'Time', values_to = 'Volume')"
"0","shingle_to = shingle_o %>% pivot_longer(cols = EstInt:t_10 , names_to = 'Time', values_to = 'Volume')"
"0","tank_hollow_to = tank_hollow_o %>% pivot_longer(cols =  EstInt:t_10 , names_to = 'Time', values_to = 'Volume')"
"0","trail_mountain_to = trail_mountain_o %>% pivot_longer(cols =  EstInt:t_10 , names_to = 'Time', values_to = 'Volume')"
"0","gross_sum_t_perc_to = gross_sum_t_perc_o %>% pivot_longer(cols =  EstInt:t_10 , names_to = 'Time', values_to = 'Volume')"
"0","perc_FC4_to = perc_FC4_1o %>%pivot_longer(cols =  EstInt:t_10 , names_to = 'Time', values_to = 'Volume')"
"0","perc_FC5_1_to = perc_FC5_1o %>% pivot_longer(cols =  EstInt:t_10 , names_to = 'Time', values_to = 'Volume')"
"0","perc_FC5_2_to = perc_FC5_2o %>% pivot_longer(cols =  EstInt:t_10 , names_to = 'Time', values_to = 'Volume')"
"0","perc_FC6_to = perc_FC6o %>% pivot_longer(cols =  EstInt:t_10 , names_to = 'Time', values_to = 'Volume')"
"0","perc_FC7_to = perc_FC7o %>% pivot_longer(cols =  EstInt:t_10 , names_to = 'Time', values_to = 'Volume')"
"0","perc_SC2_to = perc_SC2o %>% pivot_longer(cols =  EstInt:t_10 , names_to = 'Time', values_to = 'Volume')"
